{"stat.chestOpened":110,"stat.useItem.minecraft.quartz_block":182,"stat.useItem.minecraft.stone":40,"stat.useItem.minecraft.repeater":43,"stat.leaveGame":6,"stat.useItem.minecraft.soul_sand":19,"stat.useItem.minecraft.skull":11,"stat.useItem.minecraft.ender_chest":1,"stat.useItem.minecraft.diamond_sword":444,"stat.useItem.minecraft.carpet":2,"stat.useItem.minecraft.glowstone":6,"stat.jump":164,"stat.fallOneCm":14313,"stat.crouchOneCm":2601,"stat.enderchestOpened":5,"stat.useItem.minecraft.redstone_torch":13,"stat.useItem.minecraft.stone_button":40,"stat.useItem.minecraft.dirt":4,"stat.useItem.minecraft.light_weighted_pressure_plate":5,"stat.useItem.minecraft.mob_spawner":1,"achievement.exploreAllBiomes":{"value":0,"progress":["Plains"]},"stat.damageTaken":1870,"stat.killEntity.Enderman":1,"stat.killEntity.CaveSpider":2,"stat.useItem.minecraft.anvil":2,"stat.flyOneCm":358995,"stat.killEntity.Witch":2,"stat.killEntity.Villager":7,"stat.damageDealt":-8197340,"stat.killEntity.Rabbit":3,"stat.useItem.minecraft.wool":11,"stat.timeSinceDeath":182680,"stat.useItem.minecraft.sign":70,"stat.killEntity.Pig":1,"stat.useItem.minecraft.command_block":102,"stat.walkOneCm":479626,"stat.useItem.minecraft.chest":26,"stat.useItem.minecraft.lever":7,"stat.useItem.minecraft.comparator":13,"stat.killEntity.Wolf":1,"stat.killEntity.Creeper":36,"stat.useItem.minecraft.armor_stand":8,"stat.talkedToVillager":2,"stat.useItem.minecraft.redstone_block":49,"stat.useItem.minecraft.redstone":64,"stat.useItem.minecraft.item_frame":9,"stat.useItem.minecraft.sea_lantern":152,"stat.useItem.minecraft.written_book":7,"stat.sprintOneCm":42815,"stat.useItem.minecraft.diamond_block":6,"stat.useItem.minecraft.stained_glass":44,"stat.useItem.minecraft.netherrack":100,"stat.useItem.minecraft.prismarine":560,"stat.killEntity.Skeleton":6,"stat.useItem.minecraft.stone_slab":15,"achievement.openInventory":153,"stat.useItem.minecraft.barrier":92,"stat.useItem.minecraft.flint_and_steel":6,"stat.killEntity.Endermite":15,"stat.mobKills":121,"stat.useItem.minecraft.golden_apple":1,"stat.deaths":9,"stat.drop":70,"stat.playOneMinute":305765,"stat.useItem.minecraft.banner":53,"stat.useItem.minecraft.nether_brick":161,"stat.killEntity.Zombie":21,"stat.killEntity.Guardian":19}